"KEGG.id","name","dataset","in_solution"
"hsa05231","Choline metabolism in cancer","epithelial",TRUE
"C00114","Choline","epithelial",TRUE
"M00056","O-glycan biosynthesis, mucin type core","epithelial",TRUE
"hsa00512","Mucin type O-glycan biosynthesis","epithelial",TRUE
"2.7.7.23","UDP-N-acetylglucosamine diphosphorylase","epithelial",TRUE
"M00108","C21-Steroid hormone biosynthesis, progesterone => corticosterone/aldosterone","malaria",TRUE
"M00109","C21-Steroid hormone biosynthesis, progesterone => cortisol/cortisone","malaria",TRUE
"hsa04925","Aldosterone synthesis and secretion","malaria",TRUE
"hsa00591","Linoleic acid metabolism","malaria",TRUE
"hsa00600","Sphingolipid metabolism","malaria",TRUE
"1.1.1.50","3alpha-hydroxysteroid 3-dehydrogenase (Si-specific)","malaria",TRUE
"1.3.1.3","Delta4-3-oxosteroid 5beta-reductase","malaria",TRUE
"hsa00020","Citrate cycle (TCA cycle)","ovarian",TRUE
"M00009","Citrate cycle (TCA cycle, Krebs cycle)","ovarian",TRUE
"M00010","Citrate cycle, first carbon oxidation","ovarian",TRUE
"M00011","Citrate cycle, second carbon oxidation","ovarian",TRUE
"M00100","Sphingosine degradation","ovarian",TRUE
"4.2.1.2","fumarate hydratase","ovarian",TRUE
"1.3.5.1","succinate dehydrogenase","ovarian",TRUE
"4.2.1.3","aconitase","ovarian",TRUE
"hsa04142","Lysosome","ovarian",TRUE
"2.7.1.1","hexokinase","ovarian",TRUE
