"KEGG id","Names"
"C00025","L-Glutamate,L-Glutamic acid,L-Glutaminic acid,Glutamate"
"C00043","UDP-N-acetyl-alpha-D-glucosamine,UDP-N-acetyl-D-glucosamine,UDP-N-acetylglucosamine"
"C00064","L-Glutamine,L-2-Aminoglutaramic acid"
"C00073","L-Methionine,Methionine,L-2-Amino-4methylthiobutyric acid"
"C00082","L-Tyrosine,(S)-3-(p-Hydroxyphenyl)alanine,(S)-2-Amino-3-(p-hydroxyphenyl)propionic acid,Tyrosine"
"C00487","Carnitine,gamma-Trimethyl-hydroxybutyrobetaine,3-Hydroxy-4-trimethylammoniobutanoate"
"C00588","Choline phosphate,Phosphorylcholine,Phosphocholine,O-Phosphocholine"
"C00670","sn-Glycero-3-phosphocholine,Glycerophosphocholine"
